{
  "IcoMoonType": "selection",
  "icons": [
    {
      "icon": {
        "paths": [
          "M953.382 494.345c0 243.75-197.628 441.378-441.378 441.378-243.752 0-441.379-197.628-441.379-441.378 0-243.753 197.628-441.381 441.379-441.381 243.75 0 441.378 197.628 441.378 441.381zM527.821 378.812c-42.923 17.839-128.736 54.805-257.398 110.861-20.892 8.311-31.853 16.439-32.846 24.384-1.692 13.461 15.154 18.761 38.032 25.933 3.127 0.994 6.363 1.984 9.674 3.089 22.547 7.322 52.855 15.889 68.598 16.222 14.308 0.294 30.271-5.594 47.889-17.655 120.201-81.178 182.252-122.189 186.151-123.072 2.761-0.625 6.583-1.434 9.161 0.883 2.573 2.281 2.317 6.621 2.057 7.796-1.69 7.1-67.678 68.489-101.884 100.267-10.667 9.894-18.206 16.922-19.75 18.539-3.46 3.571-6.989 6.989-10.372 10.261-20.966 20.16-36.634 35.311 0.883 60.028 18.022 11.883 32.439 21.705 46.822 31.488 15.706 10.701 31.373 21.367 51.678 34.684 5.15 3.383 10.078 6.878 14.895 10.3 18.283 13.056 34.722 24.755 55.027 22.916 11.767-1.105 23.979-12.177 30.161-45.244 14.601-78.199 43.366-247.54 50.022-317.351 0.405-5.796 0.158-11.62-0.738-17.361-0.533-4.637-2.79-8.904-6.323-11.954-5.261-4.303-13.427-5.223-17.105-5.149-16.589 0.294-42.039 9.158-164.634 60.138z"
        ],
        "attrs": [
          {
            "fill": "rgb(255, 255, 255)",
            "opacity": 0.8
          }
        ],
        "isMulticolor": false,
        "isMulticolor2": false,
        "grid": 0,
        "tags": [
          "header-telegram"
        ]
      },
      "attrs": [
        {
          "fill": "rgb(255, 255, 255)",
          "opacity": 0.8
        }
      ],
      "properties": {
        "order": 8,
        "id": 1,
        "name": "header-telegram",
        "prevSize": 32
      },
      "setIdx": 0,
      "setId": 5,
      "iconIdx": 0
    },
    {
      "icon": {
        "paths": [
          "M600.956 926.754c201.131-41.156 352.427-219.115 352.427-432.41 0-243.769-197.611-441.381-441.378-441.381s-441.379 197.612-441.379 441.381c0 211.132 148.245 387.644 346.326 431.117v-318.938h-99.153v-131.243h99.153v-112.097c0-88.087 58.569-168.979 193.528-168.979 54.643 0 95.049 5.092 95.049 5.092l-3.183 122.557c0 0-41.207-0.39-86.178-0.39-48.666 0-56.465 21.802-56.465 57.987v95.83h146.509l-6.374 131.243h-140.134v326.652c13.961-1.502 27.721-3.652 41.254-6.421z"
        ],
        "attrs": [
          {
            "fill": "rgb(255, 255, 255)",
            "opacity": 0.8
          }
        ],
        "isMulticolor": false,
        "isMulticolor2": false,
        "grid": 0,
        "tags": [
          "header-facebook"
        ]
      },
      "attrs": [
        {
          "fill": "rgb(255, 255, 255)",
          "opacity": 0.8
        }
      ],
      "properties": {
        "order": 7,
        "id": 0,
        "name": "header-facebook",
        "prevSize": 32
      },
      "setIdx": 0,
      "setId": 5,
      "iconIdx": 1
    }
  ],
  "height": 1024,
  "preferences": {
    "showGlyphs": true,
    "showQuickUse": true,
    "showQuickUse2": true,
    "showSVGs": true,
    "fontPref": {
      "prefix": "icon-",
      "metadata": {
        "fontFamily": "icomoon"
      },
      "metrics": {
        "emSize": 1024,
        "baseline": 6.25,
        "whitespace": 50
      },
      "embed": false
    },
    "imagePref": {
      "prefix": "icon-",
      "png": true,
      "useClassSelector": true,
      "color": 0,
      "bgColor": 16777215,
      "classSelector": ".icon",
      "name": "icomoon"
    },
    "historySize": 50,
    "showCodes": true,
    "gridSize": 16
  }
}